
{
	"allowSleep" : true,
	"autoClearForces" : true,
	"body" : 
	[
		
		{
			"angle" : 0,
			"angularVelocity" : 0,
			"awake" : true,
			"fixture" : 
			[
				
				{
					"circle" : 
					{
						"center" : 0,
						"radius" : 0.50
					},
					"density" : 1,
					"friction" : 0.2000000029802322,
					"name" : "fixture5"
				}
			],
			"linearVelocity" : 0,
			"name" : "body5",
			"position" : 
			{
				"x" : 5.285709857940674,
				"y" : 0.04761889949440956
			},
			"type" : 0
		},
		
		{
			"angle" : 0,
			"angularVelocity" : 0,
			"awake" : true,
			"fixture" : 
			[
				
				{
					"circle" : 
					{
						"center" : 0,
						"radius" : 0.50
					},
					"density" : 1,
					"friction" : 0.2000000029802322,
					"name" : "fixture4"
				}
			],
			"linearVelocity" : 0,
			"name" : "body4",
			"position" : 
			{
				"x" : 4.174600124359131,
				"y" : 0.07936529815196991
			},
			"type" : 0
		},
		
		{
			"angle" : 0,
			"angularVelocity" : 0,
			"awake" : true,
			"fixture" : 
			[
				
				{
					"circle" : 
					{
						"center" : 0,
						"radius" : 0.50
					},
					"density" : 1,
					"friction" : 0.2000000029802322,
					"name" : "fixture6"
				}
			],
			"linearVelocity" : 0,
			"name" : "body6",
			"position" : 
			{
				"x" : 6.380949974060059,
				"y" : 0.01587310060858727
			},
			"type" : 0
		}
	],
	"collisionbitplanes" : 
	{
		"names" : 
		[
			"bitplane1",
			"bitplane2",
			"bitplane3",
			"bitplane4",
			"bitplane5",
			"bitplane6",
			"bitplane7",
			"bitplane8",
			"bitplane9",
			"bitplane10",
			"bitplane11",
			"bitplane12",
			"bitplane13",
			"bitplane14",
			"bitplane15",
			"bitplane16",
			"bitplane17",
			"bitplane18",
			"bitplane19",
			"bitplane20",
			"bitplane21",
			"bitplane22",
			"bitplane23",
			"bitplane24",
			"bitplane25",
			"bitplane26",
			"bitplane27",
			"bitplane28",
			"bitplane29",
			"bitplane30",
			"bitplane31",
			"bitplane32"
		]
	},
	"continuousPhysics" : true,
	"gravity" : 
	{
		"x" : 0,
		"y" : -10.0
	},
	"image" : 
	[
		
		{
			"aspectScale" : 1,
			"body" : 2,
			"center" : 
			{
				"x" : 0.03174781799316406,
				"y" : 1.190476059913635
			},
			"corners" : 
			{
				"x" : 
				[
					-0.4682521820068359,
					0.5317478179931641,
					0.5317478179931641,
					-0.4682521820068359
				],
				"y" : 
				[
					0.6904760599136353,
					0.6904760599136353,
					1.690476059913635,
					1.690476059913635
				]
			},
			"file" : "images/tire.png",
			"filter" : 1,
			"glDrawElements" : [ 0, 1, 2, 2, 3, 0 ],
			"glTexCoordPointer" : [ 0.0, 0.0, 1.0, 0.0, 1.0, 1.0, 0.0, 1.0 ],
			"glVertexPointer" : 
			[
				-0.4682521820068359,
				0.6904760599136353,
				0.5317478179931641,
				0.6904760599136353,
				0.5317478179931641,
				1.690476059913635,
				-0.4682521820068359,
				1.690476059913635
			],
			"name" : "image5",
			"opacity" : 0.50,
			"scale" : 1
		},
		
		{
			"aspectScale" : 1,
			"body" : 0,
			"center" : 
			{
				"x" : -0.03174448013305664,
				"y" : 1.126984357833862
			},
			"corners" : 
			{
				"x" : 
				[
					-0.5215404033660889,
					0.4580514430999756,
					0.4580514430999756,
					-0.5215404033660889
				],
				"y" : 
				[
					0.6269843578338623,
					0.6269843578338623,
					1.626984357833862,
					1.626984357833862
				]
			},
			"file" : "images/bikerearwheel.png",
			"filter" : 1,
			"glDrawElements" : [ 0, 1, 2, 2, 3, 0 ],
			"glTexCoordPointer" : [ 0.0, 0.0, 1.0, 0.0, 1.0, 1.0, 0.0, 1.0 ],
			"glVertexPointer" : 
			[
				-0.5215404033660889,
				0.6269843578338623,
				0.4580514430999756,
				0.6269843578338623,
				0.4580514430999756,
				1.626984357833862,
				-0.5215404033660889,
				1.626984357833862
			],
			"name" : "image1",
			"opacity" : 0.50,
			"scale" : 1
		},
		
		{
			"aspectScale" : 1,
			"body" : 1,
			"center" : 
			{
				"x" : 0.1428585052490234,
				"y" : 1.190475940704346
			},
			"corners" : 
			{
				"x" : 
				[
					-0.3571414947509766,
					0.6428585052490234,
					0.6428585052490234,
					-0.3571414947509766
				],
				"y" : 
				[
					0.6904759407043457,
					0.6904759407043457,
					1.690475940704346,
					1.690475940704346
				]
			},
			"file" : "images/drivewheel.bmp",
			"filter" : 1,
			"glDrawElements" : [ 0, 1, 2, 2, 3, 0 ],
			"glTexCoordPointer" : [ 0.0, 0.0, 1.0, 0.0, 1.0, 1.0, 0.0, 1.0 ],
			"glVertexPointer" : 
			[
				-0.3571414947509766,
				0.6904759407043457,
				0.6428585052490234,
				0.6904759407043457,
				0.6428585052490234,
				1.690475940704346,
				-0.3571414947509766,
				1.690475940704346
			],
			"name" : "image4",
			"opacity" : 0.50,
			"scale" : 1
		}
	],
	"joint" : 
	[
		
		{
			"anchorA" : 
			{
				"x" : 0.5413780212402344,
				"y" : 0.001693349331617355
			},
			"anchorB" : 
			{
				"x" : -0.5538620948791504,
				"y" : 0.03343909978866577
			},
			"bodyA" : 0,
			"bodyB" : 2,
			"dampingRatio" : 0,
			"frequency" : 0,
			"name" : "joint5",
			"refAngle" : 0,
			"type" : "weld"
		},
		
		{
			"anchorA" : 
			{
				"x" : 0.5593128204345703,
				"y" : -0.003756746649742127
			},
			"anchorB" : 
			{
				"x" : -0.5517959594726563,
				"y" : 0.02798959985375404
			},
			"bodyA" : 1,
			"bodyB" : 0,
			"dampingRatio" : 0,
			"frequency" : 0,
			"name" : "joint4",
			"refAngle" : 0,
			"type" : "weld"
		}
	],
	"positionIterations" : 3,
	"stepsPerSecond" : 60.0,
	"subStepping" : false,
	"velocityIterations" : 8,
	"warmStarting" : true
}
