
{
	"allowSleep" : true,
	"autoClearForces" : true,
	"body" : 
	[
		
		{
			"angle" : 0,
			"angularVelocity" : 0,
			"awake" : true,
			"fixedRotation" : true,
			"fixture" : 
			[
				
				{
					"density" : 1.789999961853027,
					"friction" : 0.250,
					"name" : "playerupper",
					"polygon" : 
					{
						"vertices" : 
						{
							"x" : 
							[
								0.3002238869667053,
								0.3002237379550934,
								0.2154128700494766,
								-0.2113303095102310,
								-0.3002237379550934,
								-0.3002237081527710,
								-0.2218291610479355,
								0.2283110022544861
							],
							"y" : 
							[
								-0.4160324931144714,
								0.3051185309886932,
								0.4533979892730713,
								0.4528201818466187,
								0.3051185309886932,
								-0.4160327315330505,
								-0.5100000500679016,
								-0.5108833909034729
							]
						}
					}
				}
			],
			"linearVelocity" : 
			{
				"x" : 0,
				"y" : 0
			},
			"massData-I" : 0.001082192989997566,
			"massData-center" : 
			{
				"x" : 0.0003362217976246029,
				"y" : -0.03289639949798584
			},
			"massData-mass" : 0.9999139308929443,
			"name" : "playerupper",
			"position" : 
			{
				"x" : 1.279839158058167,
				"y" : 3.114712476730347
			},
			"type" : 2
		},
		
		{
			"angle" : 0,
			"angularVelocity" : 0,
			"awake" : true,
			"fixture" : 
			[
				
				{
					"density" : 0.750,
					"friction" : 0.8000000119209290,
					"name" : "carupper",
					"polygon" : 
					{
						"vertices" : 
						{
							"x" : 
							[
								1.208260059356690,
								0.6846150159835815,
								0.419759988784790,
								-0.4459980130195618,
								-0.7959259748458862,
								-1.103929996490479,
								-1.367390036582947
							],
							"y" : 
							[
								0.3468869924545288,
								0.8653119802474976,
								0.9186699986457825,
								1.001880049705505,
								0.9778829813003540,
								0.8607249855995178,
								0.4947359859943390
							]
						}
					},
					"restitution" : 0.1000000014901161
				},
				
				{
					"density" : 0.750,
					"friction" : 0.8000000119209290,
					"name" : "carlower",
					"polygon" : 
					{
						"vertices" : 
						{
							"x" : 
							[
								2.391760110855103,
								2.371400117874146,
								2.033610105514526,
								-1.823310017585754,
								-2.200170040130615,
								-2.240900039672852,
								-2.064899921417236,
								2.104389905929565
							],
							"y" : 
							[
								-0.2876459956169128,
								0.1395390033721924,
								0.2991139888763428,
								0.5205680131912231,
								0.334744006395340,
								-0.2985900044441223,
								-0.3891539871692658,
								-0.3894709944725037
							]
						}
					},
					"restitution" : 0.1000000014901161
				}
			],
			"linearVelocity" : 
			{
				"x" : 0,
				"y" : 0
			},
			"massData-I" : 5.389615058898926,
			"massData-center" : 
			{
				"x" : -0.06040598452091217,
				"y" : 0.1643623560667038
			},
			"massData-mass" : 3.529048681259155,
			"name" : "car",
			"position" : 
			{
				"x" : 0.02885369956493378,
				"y" : 0.7808920145034790
			},
			"type" : 2
		},
		
		{
			"angle" : 0,
			"angularVelocity" : 0,
			"awake" : true,
			"fixture" : 
			[
				
				{
					"circle" : 
					{
						"center" : 
						{
							"x" : 0,
							"y" : 0
						},
						"radius" : 0.4391508996486664
					},
					"density" : 4.0,
					"friction" : 1,
					"name" : "frontwheel"
				}
			],
			"linearVelocity" : 
			{
				"x" : 0,
				"y" : 0
			},
			"massData-I" : 0.2336872369050980,
			"massData-mass" : 2.423468828201294,
			"name" : "frontwheel",
			"position" : 
			{
				"x" : 1.646994829177856,
				"y" : 0.4994073510169983
			},
			"type" : 2
		},
		
		{
			"angle" : 0,
			"angularVelocity" : 0,
			"awake" : true,
			"fixture" : 
			[
				
				{
					"circle" : 
					{
						"center" : 
						{
							"x" : 0,
							"y" : 0
						},
						"radius" : 0.4391508996486664
					},
					"density" : 4.0,
					"friction" : 1,
					"name" : "rearwheel"
				}
			],
			"linearVelocity" : 
			{
				"x" : 0,
				"y" : 0
			},
			"massData-I" : 0.2336872369050980,
			"massData-mass" : 2.423468828201294,
			"name" : "rearwheel",
			"position" : 
			{
				"x" : -1.281174421310425,
				"y" : 0.4994073510169983
			},
			"type" : 2
		},
		
		{
			"angle" : 0,
			"angularVelocity" : 0,
			"awake" : true,
			"fixture" : 
			[
				
				{
					"density" : 1,
					"friction" : 0.2000000029802322,
					"name" : "antenna1",
					"polygon" : 
					{
						"vertices" : 
						{
							"x" : 
							[
								0.0194314718246460,
								0.0194314718246460,
								-0.01943159103393555,
								-0.01943159103393555
							],
							"y" : 
							[
								-0.2002876996994019,
								0.2002875804901123,
								0.2002875804901123,
								-0.2002876996994019
							]
						}
					}
				}
			],
			"linearVelocity" : 
			{
				"x" : 0,
				"y" : 0
			},
			"massData-I" : 0.0002101246063830331,
			"massData-center" : 
			{
				"x" : -5.965754468206796e-008,
				"y" : -6.092764692766650e-008
			},
			"massData-mass" : 0.01556758210062981,
			"name" : "antenna1",
			"position" : 
			{
				"x" : -1.805551290512085,
				"y" : 1.473527073860169
			},
			"type" : 2
		},
		
		{
			"angle" : 0,
			"angularVelocity" : 0,
			"awake" : true,
			"fixture" : 
			[
				
				{
					"circle" : 
					{
						"center" : 
						{
							"x" : 0.1802209168672562,
							"y" : 0.1802209615707398
						},
						"radius" : 0.1042968779802322
					},
					"density" : 1.250,
					"filter-categoryBits" : 8,
					"friction" : 0.9800000190734863,
					"name" : "playerfoot6"
				},
				
				{
					"circle" : 
					{
						"center" : 
						{
							"x" : -5.246026194072329e-005,
							"y" : -0.2548708915710449
						},
						"radius" : 0.1042968779802322
					},
					"density" : 1.250,
					"filter-categoryBits" : 8,
					"friction" : 0.9800000190734863,
					"name" : "playerfoot3"
				},
				
				{
					"circle" : 
					{
						"center" : 
						{
							"x" : -1.924221670890347e-008,
							"y" : 0.2548708915710449
						},
						"radius" : 0.1042968779802322
					},
					"density" : 1.250,
					"filter-categoryBits" : 8,
					"friction" : 0.9800000190734863,
					"name" : "playerfoot2"
				},
				
				{
					"circle" : 
					{
						"center" : 
						{
							"x" : -0.1802209466695786,
							"y" : 0.1802209317684174
						},
						"radius" : 0.1042968779802322
					},
					"density" : 1.250,
					"filter-categoryBits" : 8,
					"friction" : 0.9800000190734863,
					"name" : "playerfoot4"
				},
				
				{
					"circle" : 
					{
						"center" : 
						{
							"x" : -0.2548708915710449,
							"y" : 0
						},
						"radius" : 0.1042968779802322
					},
					"density" : 1.250,
					"filter-categoryBits" : 8,
					"friction" : 0.9800000190734863,
					"name" : "playerfoot0"
				},
				
				{
					"circle" : 
					{
						"center" : 
						{
							"x" : 0.2548708915710449,
							"y" : -5.247950321063399e-005
						},
						"radius" : 0.1042968779802322
					},
					"density" : 1.250,
					"filter-categoryBits" : 8,
					"friction" : 0.9800000190734863,
					"name" : "fixture1"
				},
				
				{
					"circle" : 
					{
						"center" : 
						{
							"x" : 0.1801838427782059,
							"y" : -0.180258035659790
						},
						"radius" : 0.1042968779802322
					},
					"density" : 1.250,
					"filter-categoryBits" : 8,
					"friction" : 0.9800000190734863,
					"name" : "playerfoot5"
				},
				
				{
					"circle" : 
					{
						"center" : 
						{
							"x" : -0.1802580207586289,
							"y" : -0.1801838576793671
						},
						"radius" : 0.1042968779802322
					},
					"density" : 1.250,
					"filter-categoryBits" : 8,
					"friction" : 0.9800000190734863,
					"name" : "playerfoot7"
				}
			],
			"linearVelocity" : 
			{
				"x" : 0,
				"y" : 0
			},
			"massData-I" : 0.02405765838921070,
			"massData-center" : 
			{
				"x" : -1.583667653903831e-005,
				"y" : -6.560840574820759e-006
			},
			"massData-mass" : 0.3417373895645142,