{
	"allowSleep":true,
	"autoClearForces":true,
	"body":[{
		"angle":0,
		"angularVelocity":0,
		"awake":true,
		"customProperties":[{
			"name":"theVect",
			"vec2":0
		}],
		"fixture":[{
			"density":1,
			"filter-categoryBits":63,
			"friction":0.20000000298023221,
			"name":"fixture1",
			"polygon":{
				"vertices":{
					"x":[0.5,0.5,-0.5,-0.5],
					"y":[-0.5,0.5,0.5,-0.5]
				}
			}
		}],
		"linearVelocity":{
			"x":0,
			"y":-9.4999990463256836
		},
		"massData-I":0.1666666716337204,
		"massData-mass":1,
		"name":"body1",
		"position":{
			"x":-1.6984128952026369,
			"y":-2.7980153560638432
		},
		"type":2
	},{
		"angle":0,
		"angularVelocity":0,
		"awake":true,
		"customProperties":[{
			"int":7,
			"name":"theInt"
		},{
			"name":"theVect",
			"vec2":{
				"x":5.1999998092651367,
				"y":63
			}
		}],
		"fixture":[{
			"circle":{
				"center":0,
				"radius":0.5
			},
			"density":1,
			"filter-categoryBits":65535,
			"filter-groupIndex":7,
			"filter-maskBits":3,
			"friction":0.20000000298023221,
			"name":"fixture0"
		}],
		"linearVelocity":0,
		"name":"body0",
		"position":0,
		"type":0
	},{
		"angle":0,
		"angularVelocity":0,
		"awake":true,
		"fixture":[{
			"density":1,
			"filter-categoryBits":56,
			"filter-maskBits":65479,
			"friction":0.20000000298023221,
			"name":"fixture2",
			"polygon":{
				"vertices":{
					"x":[0.5,0.15450799465179441,-0.40450900793075562,-0.40450799465179438,0.15450899302959439],
					"y":[0,0.47552800178527832,0.29389300942420959,-0.29389300942420959,-0.47552800178527832]
				}
			}
		}],
		"linearVelocity":{
			"x":0,
			"y":-9.4999990463256836
		},
		"massData-I":0.057187646627426147,
		"massData-center":{
			"x":-1.1229689533820419e-07,
			"y":4.1547988161028122e-08
		},
		"massData-mass":0.59441030025482178,
		"name":"body2",
		"position":{
			"x":0.49531161785125732,
			"y":-3.0076034069061279
		},
		"type":2
	}],
	"continuousPhysics":true,
	"gravity":{
		"x":0,
		"y":-10
	},
	"image":[],
	"subStepping":false,
	"warmStarting":true
}